-- phpMyAdmin SQL Dump
-- version 4.8.4
-- https://www.phpmyadmin.net/
--
-- Host: 127.0.0.1:3306
-- Generation Time: 24-Jun-2019 às 20:10
-- Versão do servidor: 5.7.24
-- versão do PHP: 5.6.40

SET SQL_MODE = "NO_AUTO_VALUE_ON_ZERO";
SET AUTOCOMMIT = 0;
START TRANSACTION;
SET time_zone = "+00:00";


/*!40101 SET @OLD_CHARACTER_SET_CLIENT=@@CHARACTER_SET_CLIENT */;
/*!40101 SET @OLD_CHARACTER_SET_RESULTS=@@CHARACTER_SET_RESULTS */;
/*!40101 SET @OLD_COLLATION_CONNECTION=@@COLLATION_CONNECTION */;
/*!40101 SET NAMES utf8mb4 */;

--
-- Database: `blog_codeigniter`
--

-- --------------------------------------------------------

--
-- Estrutura da tabela `categoria`
--

DROP TABLE IF EXISTS `categoria`;
CREATE TABLE IF NOT EXISTS `categoria` (
  `id` int(11) NOT NULL AUTO_INCREMENT,
  `titulo` varchar(100) DEFAULT NULL,
  PRIMARY KEY (`id`)
) ENGINE=InnoDB AUTO_INCREMENT=7 DEFAULT CHARSET=utf8;

--
-- Extraindo dados da tabela `categoria`
--

INSERT INTO `categoria` (`id`, `titulo`) VALUES
(1, 'Cinema'),
(2, 'Animais'),
(3, 'Comidas'),
(4, 'Viagens'),
(5, 'Novidades');

-- --------------------------------------------------------

--
-- Estrutura da tabela `ci_session`
--

DROP TABLE IF EXISTS `ci_session`;
CREATE TABLE IF NOT EXISTS `ci_session` (
  `id` varchar(40) NOT NULL,
  `ip_address` varchar(45) NOT NULL,
  `timestamp` int(10) UNSIGNED NOT NULL DEFAULT '0',
  `data` blob NOT NULL,
  PRIMARY KEY (`id`),
  KEY `ci_sessions_timestamp` (`timestamp`)
) ENGINE=MyISAM DEFAULT CHARSET=latin1;

--
-- Extraindo dados da tabela `ci_session`
--

INSERT INTO `ci_session` (`id`, `ip_address`, `timestamp`, `data`) VALUES
('gbj6mt83l8ch6h2echjg9q7m0elbuorb', '::1', 1561404504, 0x5f5f63695f6c6173745f726567656e65726174657c693a313536313430343239343b),
('ja8qg0c81ute3k7bf6o5nn5vc2pq9lbc', '::1', 1561404659, 0x5f5f63695f6c6173745f726567656e65726174657c693a313536313430343631393b757365726c6f6761646f7c4f3a383a22737464436c617373223a373a7b733a323a226964223b733a313a2231223b733a343a226e6f6d65223b733a31343a225669746f72204f6c697665697261223b733a353a22656d61696c223b733a31383a2274657374654074657374652e636f6d2e6272223b733a333a22696d67223b4e3b733a393a22686973746f7269636f223b733a3433343a223c703e5468617427732072696768742c206865277320676f6e6e61206265206d61796f722e2057686f612c2074686579207265616c6c7920636c65616e6564207468697320706c6163652075702c206c6f6f6b73206272616e64206e65772e204d7920696e737572616e63652c206974277320796f7572206361722c20796f757220696e737572616e63652073686f756c642070617920666f722069742e204865792c20492077616e6e61206b6e6f772077686f277320676f6e6e612070617920666f7220746869733f2049207370696c6c6564206265657220616c6c206f766572206974207768656e20746861742063617220736d617368656420696e746f206d652e2057686f277320676f6e6e6120706179206d7920636c65616e696e672062696c6c3f205965732c207965732c2049276d2047656f7267652c2047656f726765204d63466c792c20616e642049276d20796f75722064656e736974792e2049206d65616e2c2049276d20796f75722064657374696e792e20497427732075682c20746865206f7468657220656e64206f6620746f776e2c206120626c6f636b2070617374204d61706c652e3c2f703e223b733a343a2275736572223b733a353a227669746f72223b733a353a2273656e6861223b733a333a22313233223b7d6c6f6761646f7c623a313b),
('ddeg8419k8398hoar65nrajnsoubs5mg', '::1', 1561405231, 0x5f5f63695f6c6173745f726567656e65726174657c693a313536313430343933373b757365726c6f6761646f7c4f3a383a22737464436c617373223a373a7b733a323a226964223b733a313a2231223b733a343a226e6f6d65223b733a31343a225669746f72204f6c697665697261223b733a353a22656d61696c223b733a31383a2274657374654074657374652e636f6d2e6272223b733a333a22696d67223b4e3b733a393a22686973746f7269636f223b733a3433343a223c703e5468617427732072696768742c206865277320676f6e6e61206265206d61796f722e2057686f612c2074686579207265616c6c7920636c65616e6564207468697320706c6163652075702c206c6f6f6b73206272616e64206e65772e204d7920696e737572616e63652c206974277320796f7572206361722c20796f757220696e737572616e63652073686f756c642070617920666f722069742e204865792c20492077616e6e61206b6e6f772077686f277320676f6e6e612070617920666f7220746869733f2049207370696c6c6564206265657220616c6c206f766572206974207768656e20746861742063617220736d617368656420696e746f206d652e2057686f277320676f6e6e6120706179206d7920636c65616e696e672062696c6c3f205965732c207965732c2049276d2047656f7267652c2047656f726765204d63466c792c20616e642049276d20796f75722064656e736974792e2049206d65616e2c2049276d20796f75722064657374696e792e20497427732075682c20746865206f7468657220656e64206f6620746f776e2c206120626c6f636b2070617374204d61706c652e3c2f703e223b733a343a2275736572223b733a353a227669746f72223b733a353a2273656e6861223b733a333a22313233223b7d6c6f6761646f7c623a313b),
('e7tuaarg5rsbre2knq2r29p7galm16hg', '::1', 1561405452, 0x5f5f63695f6c6173745f726567656e65726174657c693a313536313430353330323b757365726c6f6761646f7c4e3b6c6f6761646f7c623a303b),
('4ll2pnitkv33pg9t9bsi4cpjtbbdd9qd', '::1', 1561406033, 0x5f5f63695f6c6173745f726567656e65726174657c693a313536313430353836373b757365726c6f6761646f7c4e3b6c6f6761646f7c623a303b),
('i3cekh8b3712397olmedbhcko6vu40gc', '::1', 1561406758, 0x5f5f63695f6c6173745f726567656e65726174657c693a313536313430363631333b757365726c6f6761646f7c4e3b6c6f6761646f7c623a303b),
('phd5bfnkfpb1lhnb4b8uhes6nrr9ubgd', '::1', 1561406478, 0x5f5f63695f6c6173745f726567656e65726174657c693a313536313430363233303b757365726c6f6761646f7c4f3a383a22737464436c617373223a373a7b733a323a226964223b733a313a2231223b733a343a226e6f6d65223b733a31343a225669746f72204f6c697665697261223b733a353a22656d61696c223b733a31383a2274657374654074657374652e636f6d2e6272223b733a333a22696d67223b4e3b733a393a22686973746f7269636f223b733a3433343a223c703e5468617427732072696768742c206865277320676f6e6e61206265206d61796f722e2057686f612c2074686579207265616c6c7920636c65616e6564207468697320706c6163652075702c206c6f6f6b73206272616e64206e65772e204d7920696e737572616e63652c206974277320796f7572206361722c20796f757220696e737572616e63652073686f756c642070617920666f722069742e204865792c20492077616e6e61206b6e6f772077686f277320676f6e6e612070617920666f7220746869733f2049207370696c6c6564206265657220616c6c206f766572206974207768656e20746861742063617220736d617368656420696e746f206d652e2057686f277320676f6e6e6120706179206d7920636c65616e696e672062696c6c3f205965732c207965732c2049276d2047656f7267652c2047656f726765204d63466c792c20616e642049276d20796f75722064656e736974792e2049206d65616e2c2049276d20796f75722064657374696e792e20497427732075682c20746865206f7468657220656e64206f6620746f776e2c206120626c6f636b2070617374204d61706c652e3c2f703e223b733a343a2275736572223b733a353a227669746f72223b733a353a2273656e6861223b733a333a22313233223b7d6c6f6761646f7c623a313b);

-- --------------------------------------------------------

--
-- Estrutura da tabela `postagens`
--

DROP TABLE IF EXISTS `postagens`;
CREATE TABLE IF NOT EXISTS `postagens` (
  `id` int(11) NOT NULL AUTO_INCREMENT,
  `categoria` int(11) NOT NULL,
  `titulo` varchar(150) NOT NULL,
  `subtitulo` varchar(150) NOT NULL,
  `conteudo` longtext NOT NULL,
  `data` datetime NOT NULL,
  `img` longtext NOT NULL,
  `user` int(11) NOT NULL,
  PRIMARY KEY (`id`)
) ENGINE=InnoDB AUTO_INCREMENT=21 DEFAULT CHARSET=utf8;

--
-- Extraindo dados da tabela `postagens`
--

INSERT INTO `postagens` (`id`, `categoria`, `titulo`, `subtitulo`, `conteudo`, `data`, `img`, `user`) VALUES
(2, 1, 'Ut consectetur lacus augue, tincidunt finibus nulla convallis eget', 'Your not gonna be picking a fight, Dad, dad dad daddy-o. You\'re coming to a rescue, right? Okay, let\'s go', '<p>That\'s right, he\'s gonna be mayor. Whoa, they really cleaned this place up, looks brand new. My insurance, it\'s your car, your insurance should pay for it. Hey, I wanna know who\'s gonna pay for this? I spilled beer all over it when that car smashed into me. Who\'s gonna pay my cleaning bill? Yes, yes, I\'m George, George McFly, and I\'m your density. I mean, I\'m your destiny. It\'s uh, the other end of town, a block past Maple.</p>', '2017-03-11 16:14:36', '', 1),
(3, 4, 'Nunc magna mauris, aliquam id dapibus et, egestas finibus lorem', 'Duis finibus, felis semper suscipit convallis, orci ante eleifend lectus, ac pharetra ipsum risus in elit. Vestibulum enim turpis, suscipit eget lacus', '<p>Sed velit ex, sodales nec aliquet sed, imperdiet ac justo. Vestibulum gravida lacus eu turpis interdum cursus. Morbi ultricies libero sed nibh pulvinar elementum. Fusce vestibulum, orci quis laoreet lobortis, enim lorem sollicitudin augue, eu imperdiet eros neque id leo. In id enim ornare, bibendum tortor vitae, pellentesque nibh. Donec odio neque, sodales eu nibh eget, posuere pharetra erat. Sed luctus felis ac risus gravida, ac condimentum diam commodo. Maecenas sit amet lectus vitae magna gravida dictum. Cras iaculis in augue eget sagittis. Maecenas gravida felis sed est bibendum, nec ultricies nunc porttitor.</p>\r\n\r\n<p>Curabitur pretium justo dui, non porta ante ultrices at. Duis finibus, felis semper suscipit convallis, orci ante eleifend lectus, ac pharetra ipsum risus in elit. Vestibulum enim turpis, suscipit eget lacus vitae, posuere posuere ante. Nunc nec ligula facilisis, eleifend ipsum non, pulvinar nulla. Pellentesque pharetra at nulla eget elementum. Pellentesque vel tristique diam. Pellentesque habitant morbi tristique senectus et netus et malesuada fames ac turpis egestas.</p>', '2017-03-07 20:14:36', '', 1),
(4, 1, 'Curabitur eu mauris id neque ultricies feugiat a ut mi', 'Duis finibus, felis semper suscipit convallis, orci ante eleifend lectus, ac pharetra ipsum risus in elit. Vestibulum enim turpis, suscipit eget lacus', '<p>Nunc magna mauris, aliquam id dapibus et, egestas finibus lorem. Mauris at condimentum dolor. Curabitur eu mauris id neque ultricies feugiat a ut mi. Ut posuere faucibus nisl, sed sagittis tellus laoreet quis. Pellentesque molestie euismod tempus. Aliquam mattis, velit eget consequat maximus, mauris lectus scelerisque diam, eget volutpat ligula est fermentum odio. Vestibulum nisi libero, malesuada ut congue vel, efficitur sit amet mi. Cras pellentesque egestas volutpat. Aliquam venenatis ullamcorper felis nec cursus. Praesent lacinia laoreet ante, et hendrerit nisi. In hac habitasse platea dictumst.</p>\r\n\r\n<p>Ut consectetur lacus augue, tincidunt finibus nulla convallis eget. Donec rutrum aliquam quam at ultricies. Maecenas at dignissim ex, nec semper urna. Nunc id lacus vel nisl mollis auctor. Etiam vulputate gravida porttitor. Quisque at lobortis quam, id pulvinar nunc. Cras finibus, nisl eget pulvinar egestas, neque nibh sollicitudin velit, eget efficitur neque urna non justo. Sed vehicula non velit sed viverra. Vestibulum lacinia neque et mattis dictum. Sed rhoncus dapibus nisl id fringilla. Duis quis sagittis augue. Morbi accumsan tellus ipsum, et vulputate lectus sagittis quis. Mauris eu sem justo.</p>\r\n\r\n<p>Phasellus quis vehicula tortor. Vestibulum sed purus et mauris tempor posuere. Vivamus vel commodo ipsum. Donec a tristique tellus. In lobortis, tortor et rhoncus rhoncus, metus libero mollis sem, id tincidunt ipsum tortor ut eros. Nullam faucibus, turpis ut egestas interdum, mi risus eleifend dui, a mollis magna enim vel odio. In lobortis, erat et luctus lobortis, nulla neque imperdiet tellus, nec varius nisi lacus id dolor. Suspendisse tempus dictum dolor ac vestibulum. Fusce tincidunt eu ipsum varius ultricies. Donec commodo bibendum consequat. Suspendisse potenti. Nam in ultricies risus.</p>', '2017-03-09 16:14:36', '', 1),
(5, 2, 'Vestibulum sed purus et mauris tempor posuere', 'Donec odio neque, sodales eu nibh eget, posuere pharetra erat. Sed luctus felis ac risus gravida, ac condimentum diam commodo.', '<p>That\'s right, he\'s gonna be mayor. Whoa, they really cleaned this place up, looks brand new. My insurance, it\'s your car, your insurance should pay for it. Hey, I wanna know who\'s gonna pay for this? I spilled beer all over it when that car smashed into me. Who\'s gonna pay my cleaning bill? Yes, yes, I\'m George, George McFly, and I\'m your density. I mean, I\'m your destiny. It\'s uh, the other end of town, a block past Maple.</p>', '2017-03-11 13:14:36', '', 1),
(6, 3, 'Curabitur eu mauris id neque ultricies feugiat a ut mi', 'Donec odio neque, sodales eu nibh eget, posuere pharetra erat. Sed luctus felis ac risus gravida, ac condimentum diam commodo.', '<p>That\'s right, he\'s gonna be mayor. Whoa, they really cleaned this place up, looks brand new. My insurance, it\'s your car, your insurance should pay for it. Hey, I wanna know who\'s gonna pay for this? I spilled beer all over it when that car smashed into me. Who\'s gonna pay my cleaning bill? Yes, yes, I\'m George, George McFly, and I\'m your density. I mean, I\'m your destiny. It\'s uh, the other end of town, a block past Maple.</p>', '2017-03-12 18:14:36', '', 1),
(7, 2, 'Lorem ipsum dolor sit amet, consectetur adipiscing elit', 'Your not gonna be picking a fight, Dad, dad dad daddy-o. You\'re coming to a rescue, right? Okay, let\'s go', '<p>Nunc magna mauris, aliquam id dapibus et, egestas finibus lorem. Mauris at condimentum dolor. Curabitur eu mauris id neque ultricies feugiat a ut mi. Ut posuere faucibus nisl, sed sagittis tellus laoreet quis. Pellentesque molestie euismod tempus. Aliquam mattis, velit eget consequat maximus, mauris lectus scelerisque diam, eget volutpat ligula est fermentum odio. Vestibulum nisi libero, malesuada ut congue vel, efficitur sit amet mi. Cras pellentesque egestas volutpat. Aliquam venenatis ullamcorper felis nec cursus. Praesent lacinia laoreet ante, et hendrerit nisi. In hac habitasse platea dictumst.</p>\r\n\r\n<p>Ut consectetur lacus augue, tincidunt finibus nulla convallis eget. Donec rutrum aliquam quam at ultricies. Maecenas at dignissim ex, nec semper urna. Nunc id lacus vel nisl mollis auctor. Etiam vulputate gravida porttitor. Quisque at lobortis quam, id pulvinar nunc. Cras finibus, nisl eget pulvinar egestas, neque nibh sollicitudin velit, eget efficitur neque urna non justo. Sed vehicula non velit sed viverra. Vestibulum lacinia neque et mattis dictum. Sed rhoncus dapibus nisl id fringilla. Duis quis sagittis augue. Morbi accumsan tellus ipsum, et vulputate lectus sagittis quis. Mauris eu sem justo.</p>\r\n\r\n<p>Phasellus quis vehicula tortor. Vestibulum sed purus et mauris tempor posuere. Vivamus vel commodo ipsum. Donec a tristique tellus. In lobortis, tortor et rhoncus rhoncus, metus libero mollis sem, id tincidunt ipsum tortor ut eros. Nullam faucibus, turpis ut egestas interdum, mi risus eleifend dui, a mollis magna enim vel odio. In lobortis, erat et luctus lobortis, nulla neque imperdiet tellus, nec varius nisi lacus id dolor. Suspendisse tempus dictum dolor ac vestibulum. Fusce tincidunt eu ipsum varius ultricies. Donec commodo bibendum consequat. Suspendisse potenti. Nam in ultricies risus.</p>', '2017-03-08 16:14:36', '', 1),
(8, 5, 'Lorem ipsum dolor sit amet, consectetur adipiscing elit', 'Your not gonna be picking a fight, Dad, dad dad daddy-o. You\'re coming to a rescue, right? Okay, let\'s go', '<p>Sed velit ex, sodales nec aliquet sed, imperdiet ac justo. Vestibulum gravida lacus eu turpis interdum cursus. Morbi ultricies libero sed nibh pulvinar elementum. Fusce vestibulum, orci quis laoreet lobortis, enim lorem sollicitudin augue, eu imperdiet eros neque id leo. In id enim ornare, bibendum tortor vitae, pellentesque nibh. Donec odio neque, sodales eu nibh eget, posuere pharetra erat. Sed luctus felis ac risus gravida, ac condimentum diam commodo. Maecenas sit amet lectus vitae magna gravida dictum. Cras iaculis in augue eget sagittis. Maecenas gravida felis sed est bibendum, nec ultricies nunc porttitor.</p>\r\n\r\n<p>Curabitur pretium justo dui, non porta ante ultrices at. Duis finibus, felis semper suscipit convallis, orci ante eleifend lectus, ac pharetra ipsum risus in elit. Vestibulum enim turpis, suscipit eget lacus vitae, posuere posuere ante. Nunc nec ligula facilisis, eleifend ipsum non, pulvinar nulla. Pellentesque pharetra at nulla eget elementum. Pellentesque vel tristique diam. Pellentesque habitant morbi tristique senectus et netus et malesuada fames ac turpis egestas.</p>', '2017-03-13 16:14:36', '', 1),
(9, 2, 'Ut consectetur lacus augue, tincidunt finibus nulla convallis eget', 'Your not gonna be picking a fight, Dad, dad dad daddy-o. You\'re coming to a rescue, right? Okay, let\'s go', '<p>That\'s right, he\'s gonna be mayor. Whoa, they really cleaned this place up, looks brand new. My insurance, it\'s your car, your insurance should pay for it. Hey, I wanna know who\'s gonna pay for this? I spilled beer all over it when that car smashed into me. Who\'s gonna pay my cleaning bill? Yes, yes, I\'m George, George McFly, and I\'m your density. I mean, I\'m your destiny. It\'s uh, the other end of town, a block past Maple.</p>', '2017-03-11 18:14:36', '', 1),
(10, 1, 'Lorem ipsum dolor sit amet, consectetur adipiscing elit', 'Your not gonna be picking a fight, Dad, dad dad daddy-o. You\'re coming to a rescue, right? Okay, let\'s go', '<p>Sed velit ex, sodales nec aliquet sed, imperdiet ac justo. Vestibulum gravida lacus eu turpis interdum cursus. Morbi ultricies libero sed nibh pulvinar elementum. Fusce vestibulum, orci quis laoreet lobortis, enim lorem sollicitudin augue, eu imperdiet eros neque id leo. In id enim ornare, bibendum tortor vitae, pellentesque nibh. Donec odio neque, sodales eu nibh eget, posuere pharetra erat. Sed luctus felis ac risus gravida, ac condimentum diam commodo. Maecenas sit amet lectus vitae magna gravida dictum. Cras iaculis in augue eget sagittis. Maecenas gravida felis sed est bibendum, nec ultricies nunc porttitor.</p>\r\n\r\n<p>Curabitur pretium justo dui, non porta ante ultrices at. Duis finibus, felis semper suscipit convallis, orci ante eleifend lectus, ac pharetra ipsum risus in elit. Vestibulum enim turpis, suscipit eget lacus vitae, posuere posuere ante. Nunc nec ligula facilisis, eleifend ipsum non, pulvinar nulla. Pellentesque pharetra at nulla eget elementum. Pellentesque vel tristique diam. Pellentesque habitant morbi tristique senectus et netus et malesuada fames ac turpis egestas.</p>', '2017-03-09 16:14:36', '', 1),
(11, 3, 'Ut consectetur lacus augue, tincidunt finibus nulla convallis eget', 'Donec odio neque, sodales eu nibh eget, posuere pharetra erat. Sed luctus felis ac risus gravida, ac condimentum diam commodo.', '<p>Nunc magna mauris, aliquam id dapibus et, egestas finibus lorem. Mauris at condimentum dolor. Curabitur eu mauris id neque ultricies feugiat a ut mi. Ut posuere faucibus nisl, sed sagittis tellus laoreet quis. Pellentesque molestie euismod tempus. Aliquam mattis, velit eget consequat maximus, mauris lectus scelerisque diam, eget volutpat ligula est fermentum odio. Vestibulum nisi libero, malesuada ut congue vel, efficitur sit amet mi. Cras pellentesque egestas volutpat. Aliquam venenatis ullamcorper felis nec cursus. Praesent lacinia laoreet ante, et hendrerit nisi. In hac habitasse platea dictumst.</p>\r\n\r\n<p>Ut consectetur lacus augue, tincidunt finibus nulla convallis eget. Donec rutrum aliquam quam at ultricies. Maecenas at dignissim ex, nec semper urna. Nunc id lacus vel nisl mollis auctor. Etiam vulputate gravida porttitor. Quisque at lobortis quam, id pulvinar nunc. Cras finibus, nisl eget pulvinar egestas, neque nibh sollicitudin velit, eget efficitur neque urna non justo. Sed vehicula non velit sed viverra. Vestibulum lacinia neque et mattis dictum. Sed rhoncus dapibus nisl id fringilla. Duis quis sagittis augue. Morbi accumsan tellus ipsum, et vulputate lectus sagittis quis. Mauris eu sem justo.</p>\r\n\r\n<p>Phasellus quis vehicula tortor. Vestibulum sed purus et mauris tempor posuere. Vivamus vel commodo ipsum. Donec a tristique tellus. In lobortis, tortor et rhoncus rhoncus, metus libero mollis sem, id tincidunt ipsum tortor ut eros. Nullam faucibus, turpis ut egestas interdum, mi risus eleifend dui, a mollis magna enim vel odio. In lobortis, erat et luctus lobortis, nulla neque imperdiet tellus, nec varius nisi lacus id dolor. Suspendisse tempus dictum dolor ac vestibulum. Fusce tincidunt eu ipsum varius ultricies. Donec commodo bibendum consequat. Suspendisse potenti. Nam in ultricies risus.</p> ', '2017-03-13 17:14:36', '1', 1),
(12, 5, 'Curabitur eu mauris id neque ultricies feugiat a ut mi', 'Qualquer titulo', '<p>That\'s right, he\'s gonna be mayor. Whoa, they really cleaned this place up, looks brand new. My insurance, it\'s your car, your insurance should pay for it. Hey, I wanna know who\'s gonna pay for this? I spilled beer all over it when that car smashed into me. Who\'s gonna pay my cleaning bill? Yes, yes, I\'m George, George McFly, and I\'m your density. I mean, I\'m your destiny. It\'s uh, the other end of town, a block past Maple.</p> ', '2017-03-11 16:14:36', '', 1),
(13, 4, 'Lorem ipsum dolor sit amet, consectetur adipiscing elit', 'Your not gonna be picking a fight, Dad, dad dad daddy-o. You\'re coming to a rescue, right? Okay, let\'s go', '<p>Nunc magna mauris, aliquam id dapibus et, egestas finibus lorem. Mauris at condimentum dolor. Curabitur eu mauris id neque ultricies feugiat a ut mi. Ut posuere faucibus nisl, sed sagittis tellus laoreet quis. Pellentesque molestie euismod tempus. Aliquam mattis, velit eget consequat maximus, mauris lectus scelerisque diam, eget volutpat ligula est fermentum odio. Vestibulum nisi libero, malesuada ut congue vel, efficitur sit amet mi. Cras pellentesque egestas volutpat. Aliquam venenatis ullamcorper felis nec cursus. Praesent lacinia laoreet ante, et hendrerit nisi. In hac habitasse platea dictumst.</p>\r\n\r\n<p>Ut consectetur lacus augue, tincidunt finibus nulla convallis eget. Donec rutrum aliquam quam at ultricies. Maecenas at dignissim ex, nec semper urna. Nunc id lacus vel nisl mollis auctor. Etiam vulputate gravida porttitor. Quisque at lobortis quam, id pulvinar nunc. Cras finibus, nisl eget pulvinar egestas, neque nibh sollicitudin velit, eget efficitur neque urna non justo. Sed vehicula non velit sed viverra. Vestibulum lacinia neque et mattis dictum. Sed rhoncus dapibus nisl id fringilla. Duis quis sagittis augue. Morbi accumsan tellus ipsum, et vulputate lectus sagittis quis. Mauris eu sem justo.</p>\r\n\r\n<p>Phasellus quis vehicula tortor. Vestibulum sed purus et mauris tempor posuere. Vivamus vel commodo ipsum. Donec a tristique tellus. In lobortis, tortor et rhoncus rhoncus, metus libero mollis sem, id tincidunt ipsum tortor ut eros. Nullam faucibus, turpis ut egestas interdum, mi risus eleifend dui, a mollis magna enim vel odio. In lobortis, erat et luctus lobortis, nulla neque imperdiet tellus, nec varius nisi lacus id dolor. Suspendisse tempus dictum dolor ac vestibulum. Fusce tincidunt eu ipsum varius ultricies. Donec commodo bibendum consequat. Suspendisse potenti. Nam in ultricies risus.</p>', '2017-03-07 16:14:36', '', 1),
(14, 2, 'Nunc magna mauris, aliquam id dapibus et, egestas finibus lorem', 'Duis finibus, felis semper suscipit convallis, orci ante eleifend lectus, ac pharetra ipsum risus in elit. Vestibulum enim turpis, suscipit eget lacus', '<p>That\'s right, he\'s gonna be mayor. Whoa, they really cleaned this place up, looks brand new. My insurance, it\'s your car, your insurance should pay for it. Hey, I wanna know who\'s gonna pay for this? I spilled beer all over it when that car smashed into me. Who\'s gonna pay my cleaning bill? Yes, yes, I\'m George, George McFly, and I\'m your density. I mean, I\'m your destiny. It\'s uh, the other end of town, a block past Maple.</p>', '2017-03-11 16:14:36', '', 1),
(15, 1, 'Nunc magna mauris, aliquam id dapibus et, egestas finibus lorem', 'Donec odio neque, sodales eu nibh eget, posuere pharetra erat. Sed luctus felis ac risus gravida, ac condimentum diam commodo.', '<p>That\'s right, he\'s gonna be mayor. Whoa, they really cleaned this place up, looks brand new. My insurance, it\'s your car, your insurance should pay for it. Hey, I wanna know who\'s gonna pay for this? I spilled beer all over it when that car smashed into me. Who\'s gonna pay my cleaning bill? Yes, yes, I\'m George, George McFly, and I\'m your density. I mean, I\'m your destiny. It\'s uh, the other end of town, a block past Maple.</p>', '2017-03-10 18:14:36', '', 1),
(16, 1, 'Sed velit ex, sodales nec aliquet sed, imperdiet ac justo', 'Your not gonna be picking a fight, Dad, dad dad daddy-o. You\'re coming to a rescue, right? Okay, let\'s go', '<p>Sed velit ex, sodales nec aliquet sed, imperdiet ac justo. Vestibulum gravida lacus eu turpis interdum cursus. Morbi ultricies libero sed nibh pulvinar elementum. Fusce vestibulum, orci quis laoreet lobortis, enim lorem sollicitudin augue, eu imperdiet eros neque id leo. In id enim ornare, bibendum tortor vitae, pellentesque nibh. Donec odio neque, sodales eu nibh eget, posuere pharetra erat. Sed luctus felis ac risus gravida, ac condimentum diam commodo. Maecenas sit amet lectus vitae magna gravida dictum. Cras iaculis in augue eget sagittis. Maecenas gravida felis sed est bibendum, nec ultricies nunc porttitor.</p>\r\n\r\n<p>Curabitur pretium justo dui, non porta ante ultrices at. Duis finibus, felis semper suscipit convallis, orci ante eleifend lectus, ac pharetra ipsum risus in elit. Vestibulum enim turpis, suscipit eget lacus vitae, posuere posuere ante. Nunc nec ligula facilisis, eleifend ipsum non, pulvinar nulla. Pellentesque pharetra at nulla eget elementum. Pellentesque vel tristique diam. Pellentesque habitant morbi tristique senectus et netus et malesuada fames ac turpis egestas.</p>', '2017-03-11 16:14:36', '', 1),
(17, 3, 'Lorem ipsum dolor sit amet, consectetur adipiscing elit', 'Your not gonna be picking a fight, Dad, dad dad daddy-o. You\'re coming to a rescue, right? Okay, let\'s go', '<p>Nunc magna mauris, aliquam id dapibus et, egestas finibus lorem. Mauris at condimentum dolor. Curabitur eu mauris id neque ultricies feugiat a ut mi. Ut posuere faucibus nisl, sed sagittis tellus laoreet quis. Pellentesque molestie euismod tempus. Aliquam mattis, velit eget consequat maximus, mauris lectus scelerisque diam, eget volutpat ligula est fermentum odio. Vestibulum nisi libero, malesuada ut congue vel, efficitur sit amet mi. Cras pellentesque egestas volutpat. Aliquam venenatis ullamcorper felis nec cursus. Praesent lacinia laoreet ante, et hendrerit nisi. In hac habitasse platea dictumst.</p>\r\n\r\n<p>Ut consectetur lacus augue, tincidunt finibus nulla convallis eget. Donec rutrum aliquam quam at ultricies. Maecenas at dignissim ex, nec semper urna. Nunc id lacus vel nisl mollis auctor. Etiam vulputate gravida porttitor. Quisque at lobortis quam, id pulvinar nunc. Cras finibus, nisl eget pulvinar egestas, neque nibh sollicitudin velit, eget efficitur neque urna non justo. Sed vehicula non velit sed viverra. Vestibulum lacinia neque et mattis dictum. Sed rhoncus dapibus nisl id fringilla. Duis quis sagittis augue. Morbi accumsan tellus ipsum, et vulputate lectus sagittis quis. Mauris eu sem justo.</p>\r\n\r\n<p>Phasellus quis vehicula tortor. Vestibulum sed purus et mauris tempor posuere. Vivamus vel commodo ipsum. Donec a tristique tellus. In lobortis, tortor et rhoncus rhoncus, metus libero mollis sem, id tincidunt ipsum tortor ut eros. Nullam faucibus, turpis ut egestas interdum, mi risus eleifend dui, a mollis magna enim vel odio. In lobortis, erat et luctus lobortis, nulla neque imperdiet tellus, nec varius nisi lacus id dolor. Suspendisse tempus dictum dolor ac vestibulum. Fusce tincidunt eu ipsum varius ultricies. Donec commodo bibendum consequat. Suspendisse potenti. Nam in ultricies risus.</p>', '2017-03-12 13:14:37', '', 1),
(18, 2, 'Curabitur eu mauris id neque ultricies feugiat a ut mi', 'Your not gonna be picking a fight, Dad, dad dad daddy-o. You\'re coming to a rescue, right? Okay, let\'s go', '<p>Nunc magna mauris, aliquam id dapibus et, egestas finibus lorem. Mauris at condimentum dolor. Curabitur eu mauris id neque ultricies feugiat a ut mi. Ut posuere faucibus nisl, sed sagittis tellus laoreet quis. Pellentesque molestie euismod tempus. Aliquam mattis, velit eget consequat maximus, mauris lectus scelerisque diam, eget volutpat ligula est fermentum odio. Vestibulum nisi libero, malesuada ut congue vel, efficitur sit amet mi. Cras pellentesque egestas volutpat. Aliquam venenatis ullamcorper felis nec cursus. Praesent lacinia laoreet ante, et hendrerit nisi. In hac habitasse platea dictumst.</p>\r\n\r\n<p>Ut consectetur lacus augue, tincidunt finibus nulla convallis eget. Donec rutrum aliquam quam at ultricies. Maecenas at dignissim ex, nec semper urna. Nunc id lacus vel nisl mollis auctor. Etiam vulputate gravida porttitor. Quisque at lobortis quam, id pulvinar nunc. Cras finibus, nisl eget pulvinar egestas, neque nibh sollicitudin velit, eget efficitur neque urna non justo. Sed vehicula non velit sed viverra. Vestibulum lacinia neque et mattis dictum. Sed rhoncus dapibus nisl id fringilla. Duis quis sagittis augue. Morbi accumsan tellus ipsum, et vulputate lectus sagittis quis. Mauris eu sem justo.</p>\r\n\r\n<p>Phasellus quis vehicula tortor. Vestibulum sed purus et mauris tempor posuere. Vivamus vel commodo ipsum. Donec a tristique tellus. In lobortis, tortor et rhoncus rhoncus, metus libero mollis sem, id tincidunt ipsum tortor ut eros. Nullam faucibus, turpis ut egestas interdum, mi risus eleifend dui, a mollis magna enim vel odio. In lobortis, erat et luctus lobortis, nulla neque imperdiet tellus, nec varius nisi lacus id dolor. Suspendisse tempus dictum dolor ac vestibulum. Fusce tincidunt eu ipsum varius ultricies. Donec commodo bibendum consequat. Suspendisse potenti. Nam in ultricies risus.</p>', '2017-03-10 16:14:36', '', 1),
(19, 4, 'Curabitur eu mauris id neque ultricies feugiat a ut mi', 'Donec odio neque, sodales eu nibh eget, posuere pharetra erat. Sed luctus felis ac risus gravida, ac condimentum diam commodo.', '<p>That\'s right, he\'s gonna be mayor. Whoa, they really cleaned this place up, looks brand new. My insurance, it\'s your car, your insurance should pay for it. Hey, I wanna know who\'s gonna pay for this? I spilled beer all over it when that car smashed into me. Who\'s gonna pay my cleaning bill? Yes, yes, I\'m George, George McFly, and I\'m your density. I mean, I\'m your destiny. It\'s uh, the other end of town, a block past Maple.</p>', '2017-03-11 16:14:36', '', 1),
(20, 3, 'Nunc magna mauris, aliquam id dapibus et, egestas finibus lorem', 'Your not gonna be picking a fight, Dad, dad dad daddy-o. You\'re coming to a rescue, right? Okay, let\'s go', '<p>That\'s right, he\'s gonna be mayor. Whoa, they really cleaned this place up, looks brand new. My insurance, it\'s your car, your insurance should pay for it. Hey, I wanna know who\'s gonna pay for this? I spilled beer all over it when that car smashed into me. Who\'s gonna pay my cleaning bill? Yes, yes, I\'m George, George McFly, and I\'m your density. I mean, I\'m your destiny. It\'s uh, the other end of town, a block past Maple.</p>', '2017-03-11 14:14:36', '', 1);

-- --------------------------------------------------------

--
-- Estrutura da tabela `usuario`
--

DROP TABLE IF EXISTS `usuario`;
CREATE TABLE IF NOT EXISTS `usuario` (
  `id` int(11) NOT NULL AUTO_INCREMENT,
  `nome` varchar(200) DEFAULT NULL,
  `email` varchar(200) DEFAULT NULL,
  `img` longtext,
  `historico` longtext,
  `user` varchar(50) DEFAULT NULL,
  `senha` longtext,
  PRIMARY KEY (`id`)
) ENGINE=InnoDB AUTO_INCREMENT=2 DEFAULT CHARSET=utf8;

--
-- Extraindo dados da tabela `usuario`
--

INSERT INTO `usuario` (`id`, `nome`, `email`, `img`, `historico`, `user`, `senha`) VALUES
(1, 'Vitor Oliveira', 'teste@teste.com.br', NULL, '<p>That\'s right, he\'s gonna be mayor. Whoa, they really cleaned this place up, looks brand new. My insurance, it\'s your car, your insurance should pay for it. Hey, I wanna know who\'s gonna pay for this? I spilled beer all over it when that car smashed into me. Who\'s gonna pay my cleaning bill? Yes, yes, I\'m George, George McFly, and I\'m your density. I mean, I\'m your destiny. It\'s uh, the other end of town, a block past Maple.</p>', 'vitor', '123');
COMMIT;

/*!40101 SET CHARACTER_SET_CLIENT=@OLD_CHARACTER_SET_CLIENT */;
/*!40101 SET CHARACTER_SET_RESULTS=@OLD_CHARACTER_SET_RESULTS */;
/*!40101 SET COLLATION_CONNECTION=@OLD_COLLATION_CONNECTION */;
